locale	funder
aat	omsf
abb	omsf
ady	omsf
ajg	omsf
aln	omsf
arg	omsf
bag	omsf
bbl	omsf
bew	omsf
bbj	omsf
bft	omsf
bci	omsf
beb	omsf
bgp	omsf
bfd	omsf
bkm	omsf
bnm	omsf
bkh	omsf
bnn	omsf
bsh	omsf
bsk	omsf
brh	omsf
bri	omsf
bsy	omsf
byv	omsf
cdo	omsf
btv	omsf
bum	omsf
bxk	omsf
cor	omsf
cpx	omsf
cgg	omsf
cjk	omsf
cut	omsf
cux	omsf
cpy	omsf
dmk	omsf
dml	omsf
dag	omsf
dru	omsf
dua	omsf
esu	omsf
fue	omsf
ebr	omsf
eko	omsf
el-CY	omsf
glv	omsf
eto	omsf
gwc	omsf
fan	omsf
fmp	omsf
fub	omsf
gwt	omsf
gej	omsf
ggg	omsf
gid	omsf
gig	omsf
giz	omsf
gjk	omsf
hch	omsf
hno	omsf
ipk	omsf
jqr	omsf
gya	omsf
hac	omsf
haz	omsf
kbd	omsf
hem	omsf
kcn	omsf
hux	omsf
ibb	omsf
khw	omsf
jgo	omsf
kls	omsf
ksf	omsf
kzi	omsf
kdh	omsf
lke	omsf
lss	omsf
koo	omsf
lth	omsf
kvx	omsf
kxp	omsf
mau	omsf
led	omsf
mbo	omsf
lrk	omsf
meh	omsf
mel	omsf
lua	omsf
mmc	omsf
msi	omsf
mcf	omsf
mcn	omsf
mcx	omsf
mdd	omsf
mvy	omsf
ncx	omsf
mgg	omsf
mhk	omsf
mki	omsf
nnh	omsf
mse	omsf
oru	omsf
mua	omsf
mug	omsf
mve	omsf
phl	omsf
plk	omsf
pne	omsf
nla	omsf
nlv	omsf
nmz	omsf
pua	omsf
nyu	omsf
odk	omsf
pwn	omsf
pcm	omsf
qup	omsf
phr	omsf
qux	omsf
qva	omsf
prq	omsf
qvl	omsf
qwa	omsf
qws	omsf
qur	omsf
qus	omsf
qxa	omsf
qxp	omsf
qvi	omsf
qvj	omsf
qxt	omsf
qxu	omsf
qxw	omsf
ruc	omsf
scl	omsf
sco	omsf
sdo	omsf
sei	omsf
rof	omsf
snv	omsf
rwm	omsf
sbn	omsf
sva	omsf
szy	omsf
tay	omsf
top	omsf
trv	omsf
ssi	omsf
trw	omsf
ukv	omsf
tar	omsf
ush	omsf
tli	omsf
tob	omsf
var	omsf
wbl	omsf
xkl	omsf
ttj	omsf
xmf	omsf
tvu	omsf
udl	omsf
yaq	omsf
zsm	omsf
bax	omsf
bba	omsf
wes	omsf
ewo	omsf
gju	omsf
mxu	omsf
tui	omsf
xhe	omsf
yav	omsf
ydg	omsf
zoc	omsf
xka	omsf
